old_session_name,new_session_name
20171104_MUS-Le-Morne_kite,20171104_MUS-Le-Morne_KITE-01_01
20171105_MUS-Le-Morne_kite,20171105_MUS-Le-Morne_KITE-01_01
20171118_MUS-Prairie_paddle,20171118_MUS-Prairie_PADDLE-01_01
20171119_MUS-Black-Rocks_paddle,20171119_MUS-Black-Rocks_PADDLE-01_01
20180101_MUS-Le-Morne_kite,20180101_MUS-Le-Morne_KITE-01_01
20180102_MUS-Le-Morne_kite,20180102_MUS-Le-Morne_KITE-01_01
20180103_MUS-Pointe-Esny_kite,20180103_MUS-Pointe-Esny_KITE-01_01
20180114_MUS-Le-Morne_kite,20180114_MUS-Le-Morne_KITE-01_01
20180121_MUS-Le-Morne_paddle,20180121_MUS-Le-Morne_PADDLE-01_01
20180218_MUS-La-Preneuse_paddle,20180218_MUS-La-Preneuse_PADDLE-01_01
20180224_MUS-Le-Morne_paddle,20180224_MUS-Le-Morne_PADDLE-01_01
20180225_MUS-Le-Morne_paddle,20180225_MUS-Le-Morne_PADDLE-01_01
20180303_MUS-Pointe-Esny_kite,20180303_MUS-Pointe-Esny_KITE-01_01
20180304_MUS-Pointe-Esny_kite,20180304_MUS-Pointe-Esny_KITE-01_01
20180310_MUS-Le-Morne_kite,20180310_MUS-Le-Morne_KITE-01_01
20180311_MUS-Le-Morne_kite,20180311_MUS-Le-Morne_KITE-01_01
20180312_MUS-Le-Morne_kite,20180312_MUS-Le-Morne_KITE-01_01
20180317_MUS-Anse-La-Raie_kite,20180317_MUS-Anse-La-Raie_KITE-01_01
20180318_MUS-Pointe-Esny_kite,20180318_MUS-Pointe-Esny_KITE-01_01
20180324_MUS-Le-Morne_kite,20180324_MUS-Le-Morne_KITE-01_01
20180401_MUS-Riambel_kite,20180401_MUS-Riambel_KITE-01_01
20180407_MUS-Le-Morne-with-Aerial_kite,20180407_MUS-Le-Morne-with-Aerial_KITE-01_01
20180408_MUS-Le-Morne-with-Aerial_kite,20180408_MUS-Le-Morne-with-Aerial_KITE-01_01
20180426_MUS-ile-aux-cerfs_kite,20180426_MUS-ile-aux-cerfs_KITE-01_01
20180427_MUS-Le-Morne_kite,20180427_MUS-Le-Morne_KITE-01_01
20180429_MUS-Le-Morne-with-Aerial_kite,20180429_MUS-Le-Morne-with-Aerial_KITE-01_01
20180506_MUS-Le-Morne-Manawa_kite,20180506_MUS-Le-Morne-Manawa_KITE-01_01
20180512_MUS-Balacava-2_scuba,20180512_MUS-Balacava-2_SCUBA-01_01
20180512_MUS-Balacava_scuba,20180512_MUS-Balacava_SCUBA-01_01
20180526_MUS-Riambel_kite,20180526_MUS-Riambel_KITE-01_01
20180527_MUS-Riambel_kite,20180527_MUS-Riambel_KITE-01_01
20180602_MUS-Le-Morne_kite,20180602_MUS-Le-Morne_KITE-01_01
20180603_MUS-Le-Morne_kite,20180603_MUS-Le-Morne_KITE-01_01
20180610_MUS-Le-Morne_kite,20180610_MUS-Le-Morne_KITE-01_01
20180613_MUS-Le-Morne_kite,20180613_MUS-Le-Morne_KITE-01_01
20180616_MUS-Anse-La-Raie_kite,20180616_MUS-Anse-La-Raie_KITE-01_01
20180630_MUS-Le-Morne_kite,20180630_MUS-Le-Morne_KITE-01_01
20180707_MUS-Le-Morne-Manawa-Sylvain_kite,20180707_MUS-Le-Morne-Manawa-Sylvain_KITE-01_01
20180722_MUS-Le-Morne_kite,20180722_MUS-Le-Morne_KITE-01_01
20180805_MUS-Le-Morne_kite,20180805_MUS-Le-Morne_KITE-01_01
20180818_MUS-Anse-la-Raie_kite,20180818_MUS-Anse-la-Raie_KITE-01_01
20180819_MUS-Anse-la-Raie_kite,20180819_MUS-Anse-la-Raie_KITE-01_01
20181020_MUS-Tamarin-La-Preneuse_kite,20181020_MUS-Tamarin-La-Preneuse_KITE-01_01
20181021_MUS-Le-Morne-Ambulante_kite,20181021_MUS-Le-Morne-Ambulante_KITE-01_01
20181022_MUS-Le-Morne-Ambulante_kite,20181022_MUS-Le-Morne-Ambulante_KITE-01_01
20181027_MUS-Le-Morne-kite-lagoon_kite,20181027_MUS-Le-Morne-kite-lagoon_KITE-01_01
20181028_MUS-Le-Morne_scuba,20181028_MUS-Le-Morne_SCUBA-01_01
20181111_MUS-Flic-en-Flac_scuba,20181111_MUS-Flic-en-Flac_SCUBA-01_01
20181117_MUS-Le-Morne-Manawa_kite,20181117_MUS-Le-Morne-Manawa_KITE-01_01
20181118_MUS-Le-Morne-Manawa_kite,20181118_MUS-Le-Morne-Manawa_KITE-01_01
20181209_MUS-Ilot-Sancho_surf,20181209_MUS-Ilot-Sancho_SURF-01_01
20190113_MUS-Bel-Ombre_kite,20190113_MUS-Bel-Ombre_KITE-01_01
20190120_MUS-ile-benitier_kite,20190120_MUS-ile-benitier_KITE-01_01
20190126_MUS-Le-Morne-Ambulante-Nord_kite,20190126_MUS-Le-Morne-Ambulante-Nord_KITE-01_01
20190216_MUS-Le-Morne-la-Pointe_kite,20190216_MUS-Le-Morne-la-Pointe_KITE-01_01
20190312_MUS-la-preneuse_paddle,20190312_MUS-la-preneuse_PADDLE-01_01
20190323_MUS-Le-Morne-Saint-Jacques_kite,20190323_MUS-Le-Morne-Saint-Jacques_KITE-01_01
20190324_MUS-Le-Morne-Passe-Saint-Jacques_kite,20190324_MUS-Le-Morne-Passe-Saint-Jacques_KITE-01_01
20190501_MUS-one-eye_kite,20190501_MUS-one-eye_KITE-01_01
20190511_MUS-le-Morne-Lapointe_kite,20190511_MUS-le-Morne-Lapointe_KITE-01_01
20190519_MUS-ilot-sancho_surf,20190519_MUS-ilot-sancho_SURF-01_01
20190522_MUS-ilot-sancho_surf,20190522_MUS-ilot-sancho_SURF-01_01
20190523_MUS-Rodrigues-snorkeling_scuba,20190523_MUS-Rodrigues-snorkeling_SCUBA-01_01
20190523_MUS-Rodrigues_scuba,20190523_MUS-Rodrigues_SCUBA-01_01
20190524_MUS-Rodrigues-Anse-Bouteille_scuba,20190524_MUS-Rodrigues-Anse-Bouteille_SCUBA-01_01
20190524_MUS-Rodrigues-Saint-Francois_scuba,20190524_MUS-Rodrigues-Saint-Francois_SCUBA-01_01
20190525_MUS-Rodrigues-Riviere-Banane_scuba,20190525_MUS-Rodrigues-Riviere-Banane_SCUBA-01_01
20190525_MUS-Rodrigues-Saint-Francois_scuba,20190525_MUS-Rodrigues-Saint-Francois_SCUBA-01_01
20190526_MUS-Rodrigues-Saint-Francois_scuba,20190526_MUS-Rodrigues-Saint-Francois_SCUBA-01_01
20190530_MUS-Le-Morne-One-Eye-Manawa_kite,20190530_MUS-Le-Morne-One-Eye-Manawa_KITE-01_01
20190602_MUS-le-Morne-little-Reef-Finkel-Chameau_kite,20190602_MUS-le-Morne-little-Reef-Finkel-Chameau_KITE-01_01
20190615_MUS-Le-Morne-little-reef-Chameau_kite,20190615_MUS-Le-Morne-little-reef-Chameau_KITE-01_01
20190623_MUS-Le-Morne-One-Eye_kite,20190623_MUS-Le-Morne-One-Eye_KITE-01_01
20190706_MUS-Le-Morne-La-Pointe_kite,20190706_MUS-Le-Morne-La-Pointe_KITE-01_01
20190707_MUS-Le-Morne-Bastien_scuba,20190707_MUS-Le-Morne-Bastien_SCUBA-01_01
20190707_MUS-Le-Morne_scuba,20190707_MUS-Le-Morne_SCUBA-01_01
20190707_MUS-Prairie-Bastien_scuba,20190707_MUS-Prairie-Bastien_SCUBA-01_01
20190707_MUS-Prairie_scuba,20190707_MUS-Prairie_SCUBA-01_01
20190712_MUS-Le-Morne-La-Pointe_kite,20190712_MUS-Le-Morne-La-Pointe_KITE-01_01
20190714_MUS-Le-Morne_kite,20190714_MUS-Le-Morne_KITE-01_01
20190803_MUS-One-Eye_kite,20190803_MUS-One-Eye_KITE-01_01
20190810_MUS-Le-Morne-La-Pointe-Platin-Rouge_kite,20190810_MUS-Le-Morne-La-Pointe-Platin-Rouge_KITE-01_01
20190811_MUS-Le-Morne-Manawa-Platin-rouge_kite,20190811_MUS-Le-Morne-Manawa-Platin-rouge_KITE-01_01
20190903_MUS-Le-Morne-Manawa_kite,20190903_MUS-Le-Morne-Manawa_KITE-01_01
20190904_MUS-Le-Morne-Manawa_kite,20190904_MUS-Le-Morne-Manawa_KITE-01_01
20190911_MUS-Le-Morne_kite,20190911_MUS-Le-Morne_KITE-01_01
20190914_MUS-Le-Morne-Manawa_kite,20190914_MUS-Le-Morne-Manawa_KITE-01_01
20190915_MUS-sancho_surf,20190915_MUS-sancho_SURF-01_01
20190918_MUS-Le-Morne-La-Pointe_kite,20190918_MUS-Le-Morne-La-Pointe_KITE-01_01
20190920_MUS-Le-Morne-Manu_kite,20190920_MUS-Le-Morne-Manu_KITE-01_01
20190921_MUS-Le-Morne_kite,20190921_MUS-Le-Morne_KITE-01_01
20190923_MUS-kite-lagoon-le-morne-Manu-julien_kite,20190923_MUS-kite-lagoon-le-morne-Manu-julien_KITE-01_01
20190923_MUS-kite-lagoon-le-morne_kite,20190923_MUS-kite-lagoon-le-morne_KITE-01_01
20190924_MUS-Le-Morne_kite,20190924_MUS-Le-Morne_KITE-01_01
20190927_MUS-One-Eye_kite,20190927_MUS-One-Eye_KITE-01_01
20190930_MUS-Le-Morne-One-Eye_kite,20190930_MUS-Le-Morne-One-Eye_KITE-01_01
20221030_MDG-Ifaty_scuba,20221030_MDG-Ifaty_SCUBA-01_01
20221031_MDG-Ifaty_kite,20221031_MDG-Ifaty_KITE-01_01
20221101_MDG-Ifaty_kite,20221101_MDG-Ifaty_KITE-01_01
20221106_MDG-Sarodrano_scuba,20221106_MDG-Sarodrano_SCUBA-01_01
20221111_MDG-Anakao_kite,20221111_MDG-Anakao_KITE-01_01
20230503_MDG-Nosy-Tafara-bateau,20230503_MDG-Nosy-Tafara_BOAT-01_01
20230503_MDG-Nosy-Velomitahy_scuba,20230503_MDG-Nosy-Velomitahy_SCUBA-01_01
20230503_MDG-Reef-Manjaka_scuba,20230503_MDG-Reef-Manjaka_SCUBA-01_01
20230504_MDG-GRT-micro-atoll-zoneB-lowtide,20230504_MDG-GRT-Micro-atoll-zoneB-lowtide_HIKE-01_01
20230505_MDG-GRT-Fausse-passe_scuba,20230505_MDG-GRT-Fausse-passe_SCUBA-01_01
20230505_MDG-Sarodrano-Reef-Manjaka_scuba,20230505_MDG-Sarodrano-Reef-Manjaka_SCUBA-01_01
20230915_MDG-Nosy-Sakatia_scuba,20230915_MDG-Nosy-Sakatia_SCUBA-01_01
20230916_MDG-Nosy-Sakatia_scuba,20230916_MDG-Nosy-Sakatia_SCUBA-01_01
20230917_MDG-Nosy-Fahiny_scuba,20230917_MDG-Nosy-Fahiny_SCUBA-01_01
