old_session_name,new_session_name
20180819_MUS-Anse-la-Raie_kite,20180819_MUS-Anse-la-Raie_KITE-01_01
20181022_MUS-Le-Morne-Ambulante_kite,20181022_MUS-Le-Morne-Ambulante_KITE-01_01
20181027_MUS-Le-Morne-kite-lagoon_kite,20181027_MUS-Le-Morne-kite-lagoon_KITE-01_01
20181118_MUS-Le-Morne-Manawa_kite,20181118_MUS-Le-Morne-Manawa_KITE-01_01
20190312_MUS-la-preneuse_paddle,20190312_MUS-la-preneuse_PADDLE-01_01
20190523_MUS-Rodrigues-snorkeling_scuba,20190523_MUS-Rodrigues-snorkeling_SCUBA-01_01
20190707_MUS-Le-Morne-Bastien_scuba,20190707_MUS-Le-Morne-Bastien_SCUBA-01_01
20190903_MUS-Le-Morne-Manawa_kite,20190903_MUS-Le-Morne-Manawa_KITE-01_01
20190914_MUS-Le-Morne-Manawa_kite,20190914_MUS-Le-Morne-Manawa_KITE-01_01
20190915_MUS-sancho_surf,20190915_MUS-sancho_SURF-01_01
20190927_MUS-One-Eye_kite,20190927_MUS-One-Eye_KITE-01_01
20190930_MUS-Le-Morne-One-Eye_kite,20190930_MUS-Le-Morne-One-Eye_KITE-01_01
20230917_MDG-Nosy-Fahiny_scuba,20230917_MDG-Nosy-Fahiny_SCUBA-01_01